<?xml version="1.0" encoding="UTF-8"?>
<!--
    Copyright 2013  Paul Tagliamonte

    This library is free software; you can redistribute it and/or
    modify it under the terms of the GNU Lesser General Public
    License as published by the Free Software Foundation; either
    version 2.1 of the License, or (at your option) any later version.

    This library is distributed in the hope that it will be useful,
    but WITHOUT ANY WARRANTY; without even the implied warranty of
    MERCHANTABILITY or FITNESS FOR A PARTICULAR PURPOSE.  See the GNU
    Lesser General Public License for more details.

    You should have received a copy of the GNU Lesser General Public
    License along with this library; if not, write to the Free Software
    Foundation, Inc., 51 Franklin Street, Fifth Floor, Boston, MA 02110-1301
    USA
-->
<analysis>
  <metadata>
    <generator name="handmade" version="0.1"/>
    <sut>
      <debian-source name="python-ethtool" version="0.7" release="4.1+b1" />
    </sut>
  </metadata>

  <results>
      <!-- we check for results elsewhere, no need to populate this with
           senseless error messages. -->
  </results>
</analysis>
