<?xml version="1.0" encoding="UTF-8"?>
<!--
    Copyright 2013 David Malcolm <dmalcolm@redhat.com>
    Copyright 2013 Red Hat, Inc.

    This library is free software; you can redistribute it and/or
    modify it under the terms of the GNU Lesser General Public
    License as published by the Free Software Foundation; either
    version 2.1 of the License, or (at your option) any later version.

    This library is distributed in the hope that it will be useful,
    but WITHOUT ANY WARRANTY; without even the implied warranty of
    MERCHANTABILITY or FITNESS FOR A PARTICULAR PURPOSE.  See the GNU
    Lesser General Public License for more details.

    You should have received a copy of the GNU Lesser General Public
    License along with this library; if not, write to the Free Software
    Foundation, Inc., 51 Franklin Street, Fifth Floor, Boston, MA 02110-1301
    USA
-->
<analysis>
  <metadata>
    <generator name="cpychecker" version="0.11"/>
    <sut>
      <source-rpm name="python-ethtool" version="0.7" release="4.fc19" build-arch="x86_64"/>
    </sut>
    <file given-path="examples/python-src-example.c">
      <hash alg="sha1" hexdigest="6ba29daa94d64b48071e299a79f2a00dcd99eeb1"/>
    </file>
    <stats wall-clock-time="5"/>
  </metadata>

  <results>
    <!-- Example of a warning that uses a range -->
    <issue cwe="681" test-id="mismatching-type-in-pyarg-format-string">
      <message>Mismatching type in call to PyArg_ParseTuple with format code "i"</message>
      <notes>  argument 3 ("&amp;count") had type
    "long int *" (pointing to 64 bits)
  but was expecting
    "int *" (pointing to 32 bits)
  for format code "i"</notes>
      <location>
        <file given-path="examples/python-src-example.c">
          <hash alg="sha1" hexdigest="6ba29daa94d64b48071e299a79f2a00dcd99eeb1"/>
        </file>
        <function name="make_a_list_of_random_ints_badly"/>
        <range>
          <point line="10" column="9"/>
          <point line="10" column="44"/>
        </range>
      </location>
    </issue>
  </results>
</analysis>
